brain2080@hirthe.name,Maria Luiza da Silveira,9575277312
maverick1910@wunsch.biz,Maria Vitória Cardoso,(967) 691-8007
orland2041@stamm.info,Sr. Ana Vitória Peixoto Neto,459/722-2212
dean_cruickshank@olson.biz,Gael Aroeira,812-713-3602
kirk.bahringer@schaden.biz,Heitor Freitas,655/975-3937
shawn2035@kunde.biz,Gael Paiva,820/967-7312
arely_buckridge@schmidt.biz,Ana Lívia Corrêa,950/852-9561
hunter2009@donnelly.net,Bruno da Barra,4033766151
virgie.hegmann@thiel.info,Sirineu Barata,(606) 937-8961
mozelle.ohara@miller.com,Janaína Bonfim,676/578-6410
reina_herman@jaskolski.info,César Henriques,(705) 725-7446
flo1966@kutch.biz,Alexandre Freitas,566/579-0217
declan.terry@cruickshank.net,Francisca Raia,508/219-2387
priscilla2011@mohr.info,Lucca Barros Filho,606-899-3587
camila1942@daugherty.com,Pablo Lopes,762-708-6204
calista1987@schinner.net,Carlos Resende,250/896-5276
gisselle1981@parker.biz,Luiz Otávio Guterres,512-842-2949
shana.gottlieb@walsh.biz,Giovanna Cruz,9087250921
reuben.berge@tromp.com,Rebeca Caldeira,826/474-8026
malika1959@olson.net,Dr. Marcia Siqueiro,319/754-6630
abigayle_bartell@donnelly.com,Natália Martim Neto,(838) 696-0258
freeman_vandervort@bruen.biz,Bruna Peres,644/349-2949
dan1951@renner.name,Emilly Geraldes,642/565-9334
kendra1959@kassulke.info,Hugo Pimenta,382.219.2142
jadyn1981@huels.biz,Sra. Pietro Camacho,(456) 678-2696
rickie2026@kutch.com,Dr. Tiago Datena,702.507.5224
felicia.herzog@west.org,Srta. Lorraine da Barra Filho,916.821.5610
tina2016@glover.biz,Dr. Gabriela da Barranca,215.698.9988
lucie_beier@lang.net,Thomas Roriz,684-902-8738
roxanne_abshire@mosciski.name,Maria Eduarda Monteira Jr.,346/288-5104
gilbert.conroy@ullrich.info,Sr. Sara Souza Neto,718.878.6382
aaron.oreilly@jacobi.name,João Lucas da Fonseca,669/783-8299
bertrand.kshlerin@walter.info,Milena Ferraço Jr.,316.845.0950
doug.davis@skiles.biz,Dra. Adriana Ordonhes,532.243.0131
aida.blick@steuber.info,Lavínia Siqueiro Filho,512.352.4368
may_lakin@mueller.biz,Luiz Felipe Quarteira,7266161133
eveline1917@runte.name,João Miguel Moreira Jr.,(906) 524-7895
garrett2030@pollich.com,Maria Júlia Araújo Neto,9812865294
casimer.carter@rowe.info,João Vitor Sanches,484/884-5680
janae_klocko@deckow.com,Mércia Farias,(854) 916-9509
alba_heathcote@kulas.name,Maria Valentina Munhoz,305-824-6613
gordon.nicolas@collins.com,João Lucas Paiva,711.821.8077
carmella_bosco@blanda.com,João Pedro Raia,654.759.0538
claudia1923@haley.org,Ana Cecília Meira,263/316-8388
drew.friesen@lockman.com,Sra. Gabrielly da Silveira Filho,932.333.8082
uriel1984@spinka.biz,Isaac da Fontoura Neto,(727) 918-7186
sabina_lehner@vonrueden.net,Sr. Adriana Bulhões Jr.,4762295734
jermaine2027@vonrueden.info,Carlos Figueira,752-479-8376
willy1905@grimes.org,Dra. Ana Luiza Nogueira Neto,4189183129
elton.lowe@harris.com,Ladislau Marcondes Filho,(429) 261-2262
leogonsil97@gmail.com,Leonardo Goncalves da Silva,21970589698
bruna@ttest.com,bruna,323124232
ggg@ggg.com,Leo,3432523424
bruna@bruna.com,bruna,21898773
tick@silva,tick,12323423432
